transaction_id,customer_id,source_account,beneficiary_account,timestamp,amount,channel,location,device_id,days_since_last_txn,account_status,kyc_risk,is_international,customer_avg_amount,previous_alerts,story
TXN-CRIT-007,CUS-2014,ACC-1014,ACC-1021,2026-07-28 12:05:00,600000.0,Mobile Banking,Delhi,DEV-889,0,Active,High,False,40000.0,2,Circular flow
TXN-CRIT-006,CUS-2006,ACC-1006,ACC-1014,2026-07-28 11:35:00,620000.0,Mobile Banking,Delhi,DEV-889,0,Active,High,False,40000.0,2,Layering chain
TXN-CRIT-005,CUS-2031,ACC-1031,ACC-1006,2026-07-28 11:00:00,650000.0,Mobile Banking,Delhi,DEV-889,0,Active,High,False,40000.0,2,Layering chain
TXN-CRIT-004,CUS-2021,ACC-1021,ACC-1033,2026-07-28 10:27:00,184000.0,Mobile Banking,Delhi,DEV-777,0,Active,High,False,40000.0,2,Rapid outgoing movement
TXN-CRIT-003,CUS-2021,ACC-1021,ACC-1014,2026-07-28 10:08:00,210000.0,Mobile Banking,Delhi,DEV-777,0,Active,High,False,40000.0,2,Rapid outgoing movement
TXN-CRIT-002,CUS-2021,ACC-1021,ACC-1006,2026-07-28 09:42:00,250000.0,Mobile Banking,Delhi,DEV-777,0,Active,High,False,40000.0,2,Rapid outgoing movement
TXN-CRIT-001,CUS-2021,ACC-1021,ACC-1031,2026-07-28 09:05:00,700000.0,Mobile Banking,Delhi,DEV-777,286,Dormant,High,False,40000.0,2,Dormant account receives high-value credit
TXN-10320,CUS-2009,ACC-1009,ACC-1013,2026-07-28 09:00:00,14936.07,NEFT,Delhi,DEV-009,6,Active,Low,False,16335.33,1,Normal
TXN-10110,CUS-2018,ACC-1018,ACC-1006,2026-07-28 07:00:00,16854.35,NEFT,Lucknow,DEV-018,4,Active,Low,False,19600.1,2,Normal
TXN-10036,CUS-2021,ACC-1021,ACC-1009,2026-07-28 07:00:00,8717.22,NEFT,Chennai,DEV-021,14,Active,High,False,10070.73,0,Normal
TXN-10358,CUS-2000,ACC-1000,ACC-1009,2026-07-28 07:00:00,13280.03,Mobile Banking,Lucknow,DEV-000,2,Active,Low,False,15700.12,1,Normal
TXN-10010,CUS-2039,ACC-1039,ACC-1008,2026-07-28 06:00:00,19192.23,NEFT,Delhi,DEV-039,4,Active,High,False,17264.46,0,Normal
TXN-10327,CUS-2035,ACC-1035,ACC-1000,2026-07-28 03:00:00,50984.85,RTGS,Lucknow,DEV-035,13,Active,Low,False,52041.06,1,Normal
TXN-10144,CUS-2022,ACC-1022,ACC-1007,2026-07-28 02:00:00,37407.25,NEFT,Jaipur,DEV-022,0,Active,High,False,48149.71,1,Normal
TXN-10269,CUS-2002,ACC-1002,ACC-1009,2026-07-28 01:00:00,22551.13,Branch,Mumbai,DEV-002,0,Active,High,False,27230.31,0,Normal
TXN-10104,CUS-2035,ACC-1035,ACC-1027,2026-07-27 20:00:00,11434.45,Internet Banking,Pune,DEV-035,7,Active,Low,True,8521.64,1,Normal
TXN-10127,CUS-2013,ACC-1013,ACC-1011,2026-07-27 19:00:00,40068.39,Mobile Banking,Pune,DEV-013,9,Active,Low,False,27582.96,1,Normal
TXN-10031,CUS-2022,ACC-1022,ACC-1037,2026-07-27 17:00:00,15543.5,Internet Banking,Delhi,DEV-022,8,Active,Medium,False,13887.8,1,Normal
TXN-10025,CUS-2021,ACC-1021,ACC-1001,2026-07-27 15:00:00,9113.97,RTGS,Mumbai,DEV-021,16,Active,Low,False,12845.5,2,Normal
TXN-10061,CUS-2009,ACC-1009,ACC-1002,2026-07-27 14:00:00,37782.16,RTGS,Delhi,DEV-009,13,Active,High,False,25847.86,2,Normal
TXN-10043,CUS-2033,ACC-1033,ACC-1021,2026-07-27 13:00:00,24583.85,RTGS,Chennai,DEV-033,8,Active,Medium,False,21547.59,1,Normal
TXN-10097,CUS-2017,ACC-1017,ACC-1016,2026-07-27 10:00:00,6514.51,NEFT,Pune,DEV-017,9,Active,High,False,5536.24,0,Normal
TXN-10359,CUS-2011,ACC-1011,ACC-1036,2026-07-27 10:00:00,16124.13,RTGS,Delhi,DEV-011,16,Active,High,False,18980.12,2,Normal
TXN-10351,CUS-2035,ACC-1035,ACC-1033,2026-07-27 09:00:00,58505.12,ATM,Lucknow,DEV-035,6,Active,Medium,False,73998.57,1,Normal
TXN-10086,CUS-2032,ACC-1032,ACC-1017,2026-07-27 09:00:00,12052.49,ATM,Lucknow,DEV-032,17,Active,Low,False,15351.14,2,Normal
TXN-10228,CUS-2039,ACC-1039,ACC-1032,2026-07-27 09:00:00,11192.96,Mobile Banking,Lucknow,DEV-039,17,Active,Medium,False,11390.39,0,Normal
TXN-10259,CUS-2028,ACC-1028,ACC-1037,2026-07-27 08:00:00,8352.38,Branch,Jaipur,DEV-028,10,Active,High,False,9090.19,2,Normal
TXN-10254,CUS-2031,ACC-1031,ACC-1033,2026-07-27 04:00:00,8565.53,ATM,Jaipur,DEV-031,15,Active,High,False,7807.62,0,Normal
TXN-10330,CUS-2024,ACC-1024,ACC-1036,2026-07-27 04:00:00,29726.23,UPI,Delhi,DEV-024,7,Active,Medium,False,44236.35,0,Normal
TXN-10122,CUS-2026,ACC-1026,ACC-1029,2026-07-27 02:00:00,29292.08,Branch,Pune,DEV-026,1,Active,Medium,False,38911.09,2,Normal
TXN-10067,CUS-2005,ACC-1005,ACC-1004,2026-07-27 01:00:00,23154.73,Mobile Banking,Delhi,DEV-005,5,Active,Medium,False,27541.04,1,Normal
TXN-10027,CUS-2015,ACC-1015,ACC-1010,2026-07-27 01:00:00,9121.43,Mobile Banking,Delhi,DEV-015,2,Active,Low,False,7318.84,2,Normal
TXN-10054,CUS-2005,ACC-1005,ACC-1029,2026-07-27 01:00:00,12895.28,RTGS,Lucknow,DEV-005,14,Active,Medium,False,19196.39,1,Normal
TXN-10301,CUS-2024,ACC-1024,ACC-1010,2026-07-26 23:00:00,17216.95,UPI,Chennai,DEV-024,4,Active,Low,True,15279.21,0,Normal
TXN-10353,CUS-2015,ACC-1015,ACC-1020,2026-07-26 23:00:00,81787.5,UPI,Mumbai,DEV-015,6,Active,Low,False,106866.0,2,Normal
TXN-10266,CUS-2026,ACC-1026,ACC-1033,2026-07-26 19:00:00,35779.56,Branch,Mumbai,DEV-026,17,Active,Medium,False,47539.62,2,Normal
TXN-10102,CUS-2037,ACC-1037,ACC-1017,2026-07-26 18:00:00,43716.4,RTGS,Chennai,DEV-037,1,Active,Low,False,30850.7,0,Normal
TXN-10198,CUS-2011,ACC-1011,ACC-1002,2026-07-26 18:00:00,87319.36,Mobile Banking,Chennai,DEV-011,9,Active,Low,False,86240.82,2,Normal
TXN-10171,CUS-2018,ACC-1018,ACC-1001,2026-07-26 14:00:00,16953.34,ATM,Lucknow,DEV-018,8,Active,Medium,False,21941.41,0,Normal
TXN-10049,CUS-2017,ACC-1017,ACC-1031,2026-07-26 14:00:00,13316.65,RTGS,Delhi,DEV-017,4,Active,Medium,False,15630.29,1,Normal
TXN-10004,CUS-2021,ACC-1021,ACC-1006,2026-07-26 08:00:00,30037.18,NEFT,Lucknow,DEV-021,17,Active,Medium,False,31512.68,0,Normal
TXN-10138,CUS-2006,ACC-1006,ACC-1036,2026-07-26 04:00:00,41697.8,ATM,Delhi,DEV-006,8,Active,High,False,33739.9,1,Normal
TXN-10308,CUS-2007,ACC-1007,ACC-1010,2026-07-26 04:00:00,25716.05,Internet Banking,Chennai,DEV-007,5,Active,Medium,False,22341.24,1,Normal
TXN-10295,CUS-2034,ACC-1034,ACC-1015,2026-07-26 01:00:00,15611.77,RTGS,Mumbai,DEV-034,3,Active,Medium,True,15347.34,0,Normal
TXN-10191,CUS-2025,ACC-1025,ACC-1039,2026-07-26 00:00:00,10749.11,Internet Banking,Kolkata,DEV-025,6,Active,Low,False,14248.36,1,Normal
TXN-10162,CUS-2012,ACC-1012,ACC-1031,2026-07-25 21:00:00,8298.37,NEFT,Kolkata,DEV-012,7,Active,Low,False,11046.63,0,Normal
TXN-10073,CUS-2029,ACC-1029,ACC-1012,2026-07-25 19:00:00,5892.22,UPI,Pune,DEV-029,14,Active,Medium,False,4599.29,2,Normal
TXN-10315,CUS-2030,ACC-1030,ACC-1036,2026-07-25 16:00:00,54067.7,UPI,Jaipur,DEV-030,16,Active,Medium,False,51466.51,2,Normal
TXN-10335,CUS-2030,ACC-1030,ACC-1017,2026-07-25 09:00:00,15442.52,Branch,Delhi,DEV-030,9,Active,High,False,20941.58,2,Normal
TXN-10148,CUS-2029,ACC-1029,ACC-1026,2026-07-25 09:00:00,28933.83,Internet Banking,Chennai,DEV-029,3,Active,Low,False,24873.78,2,Normal
TXN-10230,CUS-2022,ACC-1022,ACC-1022,2026-07-25 06:00:00,4472.87,UPI,Mumbai,DEV-022,3,Active,High,False,3245.9,1,Normal
TXN-10188,CUS-2022,ACC-1022,ACC-1031,2026-07-25 05:00:00,8476.01,RTGS,Kolkata,DEV-022,6,Active,High,False,6666.38,1,Normal
TXN-10294,CUS-2039,ACC-1039,ACC-1038,2026-07-25 05:00:00,24186.49,Branch,Chennai,DEV-039,15,Active,Low,False,33308.52,1,Normal
TXN-10121,CUS-2009,ACC-1009,ACC-1008,2026-07-25 04:00:00,4798.26,NEFT,Jaipur,DEV-009,15,Active,Medium,False,6143.98,1,Normal
TXN-10065,CUS-2021,ACC-1021,ACC-1031,2026-07-25 00:00:00,19220.72,ATM,Pune,DEV-021,2,Active,Low,False,21936.89,2,Normal
TXN-10273,CUS-2007,ACC-1007,ACC-1023,2026-07-24 23:00:00,10235.11,Branch,Pune,DEV-007,5,Active,High,False,8605.21,1,Normal
TXN-10357,CUS-2035,ACC-1035,ACC-1018,2026-07-24 23:00:00,14252.52,UPI,Mumbai,DEV-035,1,Active,Medium,False,11030.84,0,Normal
TXN-10149,CUS-2036,ACC-1036,ACC-1026,2026-07-24 23:00:00,22869.62,Mobile Banking,Chennai,DEV-036,2,Active,Low,False,32561.26,0,Normal
TXN-10072,CUS-2020,ACC-1020,ACC-1033,2026-07-24 21:00:00,35568.7,NEFT,Chennai,DEV-020,1,Active,Low,False,28349.87,0,Normal
TXN-10246,CUS-2033,ACC-1033,ACC-1015,2026-07-24 20:00:00,41299.3,UPI,Lucknow,DEV-033,13,Active,Medium,False,53034.81,0,Normal
TXN-10030,CUS-2030,ACC-1030,ACC-1023,2026-07-24 18:00:00,11704.52,NEFT,Delhi,DEV-030,12,Active,Low,False,8839.14,2,Normal
TXN-10206,CUS-2031,ACC-1031,ACC-1008,2026-07-24 17:00:00,16291.99,ATM,Jaipur,DEV-031,15,Active,Medium,False,11844.15,2,Normal
TXN-10202,CUS-2030,ACC-1030,ACC-1019,2026-07-24 17:00:00,17526.06,Internet Banking,Mumbai,DEV-030,6,Active,Low,False,12545.52,1,Normal
TXN-10100,CUS-2023,ACC-1023,ACC-1031,2026-07-24 16:00:00,39659.22,Branch,Kolkata,DEV-023,17,Active,Medium,False,56203.89,2,Normal
TXN-10240,CUS-2026,ACC-1026,ACC-1020,2026-07-24 14:00:00,51126.97,Internet Banking,Chennai,DEV-026,14,Active,High,False,65240.3,2,Normal
TXN-10344,CUS-2039,ACC-1039,ACC-1021,2026-07-24 09:00:00,11662.06,RTGS,Chennai,DEV-039,2,Active,Low,False,8541.23,0,Normal
TXN-10318,CUS-2016,ACC-1016,ACC-1035,2026-07-24 09:00:00,20177.03,Internet Banking,Kolkata,DEV-016,6,Active,High,False,14154.92,1,Normal
TXN-10117,CUS-2002,ACC-1002,ACC-1023,2026-07-24 07:00:00,47223.22,RTGS,Chennai,DEV-002,4,Active,Medium,False,46597.12,1,Normal
TXN-10356,CUS-2019,ACC-1019,ACC-1033,2026-07-24 06:00:00,14983.99,UPI,Jaipur,DEV-019,16,Active,Medium,False,17920.39,2,Normal
TXN-10077,CUS-2026,ACC-1026,ACC-1005,2026-07-24 04:00:00,60521.35,Internet Banking,Lucknow,DEV-026,1,Active,High,False,63482.53,2,Normal
TXN-10068,CUS-2038,ACC-1038,ACC-1016,2026-07-24 03:00:00,12088.07,Mobile Banking,Kolkata,DEV-038,10,Active,Medium,True,12156.25,0,Normal
TXN-10001,CUS-2028,ACC-1028,ACC-1031,2026-07-24 02:00:00,21761.62,Branch,Pune,DEV-028,6,Active,Low,False,29363.99,2,Normal
TXN-10222,CUS-2018,ACC-1018,ACC-1024,2026-07-23 22:00:00,18609.54,RTGS,Pune,DEV-018,14,Active,Low,False,12346.21,1,Normal
TXN-10174,CUS-2033,ACC-1033,ACC-1035,2026-07-23 20:00:00,66362.06,Branch,Chennai,DEV-033,16,Active,Medium,False,76177.38,0,Normal
TXN-10039,CUS-2020,ACC-1020,ACC-1027,2026-07-23 19:00:00,24634.65,Internet Banking,Kolkata,DEV-020,9,Active,Medium,False,16922.86,2,Normal
TXN-10300,CUS-2021,ACC-1021,ACC-1006,2026-07-23 17:00:00,28951.44,Branch,Chennai,DEV-021,3,Active,Medium,True,41647.16,1,Normal
TXN-10136,CUS-2018,ACC-1018,ACC-1021,2026-07-23 17:00:00,29671.15,Branch,Lucknow,DEV-018,2,Active,Low,False,31443.29,0,Normal
TXN-10112,CUS-2020,ACC-1020,ACC-1016,2026-07-23 16:00:00,37526.79,UPI,Kolkata,DEV-020,0,Active,Medium,True,29671.1,1,Normal
TXN-10225,CUS-2005,ACC-1005,ACC-1016,2026-07-23 15:00:00,20423.27,ATM,Jaipur,DEV-005,16,Active,Medium,False,18418.82,1,Normal
TXN-10209,CUS-2028,ACC-1028,ACC-1037,2026-07-23 15:00:00,11283.85,UPI,Jaipur,DEV-028,8,Active,Medium,False,11522.7,1,Normal
TXN-10139,CUS-2033,ACC-1033,ACC-1039,2026-07-23 11:00:00,29018.18,NEFT,Lucknow,DEV-033,8,Active,High,False,27282.28,0,Normal
TXN-10153,CUS-2017,ACC-1017,ACC-1025,2026-07-23 06:00:00,12722.5,Mobile Banking,Lucknow,DEV-017,16,Active,High,False,18848.05,2,Normal
TXN-10007,CUS-2025,ACC-1025,ACC-1005,2026-07-23 04:00:00,35911.68,UPI,Chennai,DEV-025,14,Active,Medium,False,47174.28,1,Normal
TXN-10217,CUS-2030,ACC-1030,ACC-1014,2026-07-23 02:00:00,8196.3,Mobile Banking,Lucknow,DEV-030,4,Active,Low,False,9161.03,0,Normal
TXN-10177,CUS-2037,ACC-1037,ACC-1024,2026-07-23 01:00:00,15488.67,RTGS,Delhi,DEV-037,16,Active,Medium,False,11585.95,0,Normal
TXN-10182,CUS-2026,ACC-1026,ACC-1016,2026-07-23 01:00:00,46737.79,ATM,Lucknow,DEV-026,16,Active,High,False,43460.22,2,Normal
TXN-10349,CUS-2007,ACC-1007,ACC-1025,2026-07-23 00:00:00,13329.82,ATM,Kolkata,DEV-007,9,Active,Low,False,11759.34,1,Normal
TXN-10241,CUS-2011,ACC-1011,ACC-1027,2026-07-22 22:00:00,18578.47,Mobile Banking,Lucknow,DEV-011,14,Active,Medium,False,26570.57,2,Normal
TXN-10103,CUS-2039,ACC-1039,ACC-1018,2026-07-22 18:00:00,19057.28,Internet Banking,Delhi,DEV-039,0,Active,High,False,13367.72,0,Normal
TXN-10293,CUS-2000,ACC-1000,ACC-1005,2026-07-22 17:00:00,24703.36,Branch,Delhi,DEV-000,1,Active,Medium,False,26606.78,1,Normal
TXN-10236,CUS-2010,ACC-1010,ACC-1001,2026-07-22 16:00:00,33380.59,ATM,Pune,DEV-010,14,Active,Low,False,45843.15,0,Normal
TXN-10282,CUS-2026,ACC-1026,ACC-1015,2026-07-22 15:00:00,9541.51,Mobile Banking,Jaipur,DEV-026,11,Active,Medium,False,11821.81,2,Normal
TXN-10213,CUS-2012,ACC-1012,ACC-1013,2026-07-22 10:00:00,28488.9,ATM,Kolkata,DEV-012,17,Active,Medium,False,38183.81,1,Normal
TXN-10129,CUS-2012,ACC-1012,ACC-1030,2026-07-22 07:00:00,21587.13,RTGS,Delhi,DEV-012,17,Active,Medium,False,15349.5,2,Normal
TXN-10012,CUS-2013,ACC-1013,ACC-1000,2026-07-22 06:00:00,16733.18,NEFT,Jaipur,DEV-013,8,Active,Medium,False,13042.93,0,Normal
TXN-10006,CUS-2025,ACC-1025,ACC-1028,2026-07-22 04:00:00,32567.53,NEFT,Pune,DEV-025,14,Active,High,False,40062.01,1,Normal
TXN-10309,CUS-2014,ACC-1014,ACC-1020,2026-07-22 03:00:00,25313.44,Internet Banking,Jaipur,DEV-014,10,Active,Medium,False,21977.47,1,Normal
TXN-10118,CUS-2030,ACC-1030,ACC-1027,2026-07-22 01:00:00,55652.28,Branch,Mumbai,DEV-030,13,Active,Medium,False,60516.05,2,Normal
TXN-10329,CUS-2015,ACC-1015,ACC-1015,2026-07-22 00:00:00,19141.51,Internet Banking,Mumbai,DEV-015,5,Active,Low,False,20516.74,0,Normal
TXN-10289,CUS-2005,ACC-1005,ACC-1000,2026-07-21 20:00:00,25408.38,Internet Banking,Chennai,DEV-005,7,Active,Medium,False,36868.67,0,Normal
TXN-10075,CUS-2030,ACC-1030,ACC-1027,2026-07-21 18:00:00,7158.89,Internet Banking,Kolkata,DEV-030,11,Active,Low,False,7848.47,0,Normal
TXN-10145,CUS-2011,ACC-1011,ACC-1039,2026-07-21 17:00:00,17714.06,ATM,Mumbai,DEV-011,5,Active,Low,False,22633.85,2,Normal
TXN-10324,CUS-2028,ACC-1028,ACC-1008,2026-07-21 16:00:00,106278.89,ATM,Pune,DEV-028,7,Active,Low,False,132658.48,0,Normal
TXN-10226,CUS-2008,ACC-1008,ACC-1006,2026-07-21 14:00:00,7127.52,UPI,Jaipur,DEV-008,17,Active,Medium,False,8760.64,1,Normal
TXN-10355,CUS-2039,ACC-1039,ACC-1022,2026-07-21 14:00:00,37518.09,NEFT,Jaipur,DEV-039,8,Active,Low,False,54698.45,0,Normal
TXN-10212,CUS-2032,ACC-1032,ACC-1032,2026-07-21 14:00:00,20419.36,NEFT,Kolkata,DEV-032,7,Active,Medium,False,24225.64,1,Normal
TXN-10232,CUS-2029,ACC-1029,ACC-1034,2026-07-21 09:00:00,19435.12,ATM,Delhi,DEV-029,17,Active,Low,False,27886.38,1,Normal
TXN-10306,CUS-2005,ACC-1005,ACC-1001,2026-07-21 09:00:00,18009.1,NEFT,Chennai,DEV-005,10,Active,Medium,False,15929.69,2,Normal
TXN-10057,CUS-2000,ACC-1000,ACC-1012,2026-07-21 08:00:00,32125.82,NEFT,Pune,DEV-000,1,Active,Low,False,28634.45,2,Normal
TXN-10015,CUS-2010,ACC-1010,ACC-1028,2026-07-21 07:00:00,11246.31,Mobile Banking,Delhi,DEV-010,1,Active,Medium,False,9244.57,2,Normal
TXN-10111,CUS-2036,ACC-1036,ACC-1039,2026-07-21 06:00:00,49908.92,NEFT,Mumbai,DEV-036,5,Active,Medium,False,41619.17,2,Normal
TXN-10095,CUS-2007,ACC-1007,ACC-1039,2026-07-21 06:00:00,8822.29,ATM,Delhi,DEV-007,7,Active,Medium,False,6742.1,2,Normal
TXN-10304,CUS-2001,ACC-1001,ACC-1030,2026-07-21 05:00:00,25348.5,NEFT,Pune,DEV-001,16,Active,Low,False,33851.37,1,Normal
TXN-10281,CUS-2038,ACC-1038,ACC-1006,2026-07-21 02:00:00,6388.18,Branch,Jaipur,DEV-038,16,Active,Medium,False,8819.69,2,Normal
TXN-10264,CUS-2014,ACC-1014,ACC-1039,2026-07-21 00:00:00,5317.93,Internet Banking,Lucknow,DEV-014,4,Active,Medium,False,7947.62,0,Normal
TXN-10280,CUS-2007,ACC-1007,ACC-1033,2026-07-20 22:00:00,49655.95,Branch,Pune,DEV-007,5,Active,High,False,47850.48,2,Normal
TXN-10314,CUS-2019,ACC-1019,ACC-1017,2026-07-20 16:00:00,15130.87,UPI,Chennai,DEV-019,17,Active,Medium,False,16039.02,1,Normal
TXN-10159,CUS-2008,ACC-1008,ACC-1026,2026-07-20 15:00:00,8049.47,NEFT,Jaipur,DEV-008,3,Active,Low,False,8658.42,1,Normal
TXN-10192,CUS-2008,ACC-1008,ACC-1033,2026-07-20 11:00:00,29461.71,Internet Banking,Chennai,DEV-008,15,Active,Low,False,30761.69,0,Normal
TXN-10081,CUS-2013,ACC-1013,ACC-1019,2026-07-20 00:00:00,27266.69,NEFT,Lucknow,DEV-013,9,Active,Medium,False,37429.88,2,Normal
TXN-10005,CUS-2031,ACC-1031,ACC-1007,2026-07-19 23:00:00,20291.51,Branch,Lucknow,DEV-031,4,Active,Medium,False,27551.33,2,Normal
TXN-10287,CUS-2010,ACC-1010,ACC-1011,2026-07-19 22:00:00,23750.93,ATM,Lucknow,DEV-010,6,Active,Low,False,15716.24,1,Normal
TXN-10250,CUS-2010,ACC-1010,ACC-1038,2026-07-19 17:00:00,24128.52,RTGS,Chennai,DEV-010,5,Active,High,False,17529.39,0,Normal
TXN-10018,CUS-2007,ACC-1007,ACC-1013,2026-07-19 17:00:00,28479.71,UPI,Mumbai,DEV-007,10,Active,Medium,False,32578.0,0,Normal
TXN-10271,CUS-2020,ACC-1020,ACC-1024,2026-07-19 15:00:00,35314.36,Branch,Lucknow,DEV-020,1,Active,Medium,False,23285.02,2,Normal
TXN-10058,CUS-2031,ACC-1031,ACC-1033,2026-07-19 09:00:00,36512.38,RTGS,Delhi,DEV-031,11,Active,Low,False,51572.95,1,Normal
TXN-10319,CUS-2018,ACC-1018,ACC-1014,2026-07-19 08:00:00,22617.97,Internet Banking,Mumbai,DEV-018,3,Active,Medium,False,22164.04,0,Normal
TXN-10307,CUS-2039,ACC-1039,ACC-1016,2026-07-19 05:00:00,31488.16,Branch,Pune,DEV-039,4,Active,High,False,44004.71,1,Normal
TXN-10297,CUS-2012,ACC-1012,ACC-1028,2026-07-19 01:00:00,12712.28,Internet Banking,Delhi,DEV-012,15,Active,Low,False,17988.86,1,Normal
TXN-10255,CUS-2030,ACC-1030,ACC-1008,2026-07-18 23:00:00,12611.35,RTGS,Delhi,DEV-030,5,Active,High,False,14139.13,1,Normal
TXN-10279,CUS-2037,ACC-1037,ACC-1024,2026-07-18 15:00:00,14135.5,ATM,Pune,DEV-037,2,Active,Medium,False,17956.52,2,Normal
TXN-10267,CUS-2038,ACC-1038,ACC-1010,2026-07-18 14:00:00,9852.93,Branch,Delhi,DEV-038,10,Active,Low,False,9824.11,1,Normal
TXN-10024,CUS-2038,ACC-1038,ACC-1012,2026-07-18 13:00:00,43076.49,Internet Banking,Jaipur,DEV-038,9,Active,High,False,34026.83,0,Normal
TXN-10158,CUS-2035,ACC-1035,ACC-1037,2026-07-18 12:00:00,61908.71,UPI,Kolkata,DEV-035,2,Active,Medium,False,86803.54,2,Normal
TXN-10193,CUS-2017,ACC-1017,ACC-1027,2026-07-18 08:00:00,12739.13,ATM,Delhi,DEV-017,6,Active,Medium,False,13280.14,1,Normal
TXN-10124,CUS-2037,ACC-1037,ACC-1035,2026-07-18 08:00:00,24206.14,Internet Banking,Lucknow,DEV-037,10,Active,Medium,False,28115.64,1,Normal
TXN-10207,CUS-2018,ACC-1018,ACC-1009,2026-07-18 04:00:00,45105.21,RTGS,Chennai,DEV-018,6,Active,Low,False,36327.17,2,Normal
TXN-10080,CUS-2016,ACC-1016,ACC-1026,2026-07-17 23:00:00,19641.24,UPI,Chennai,DEV-016,6,Active,Medium,False,26865.43,1,Normal
TXN-10083,CUS-2012,ACC-1012,ACC-1007,2026-07-17 20:00:00,19634.69,RTGS,Jaipur,DEV-012,8,Active,Medium,False,12884.62,0,Normal
TXN-10229,CUS-2027,ACC-1027,ACC-1010,2026-07-17 20:00:00,18800.64,NEFT,Jaipur,DEV-027,6,Active,Medium,False,12289.23,2,Normal
TXN-10245,CUS-2036,ACC-1036,ACC-1028,2026-07-17 18:00:00,14954.62,Branch,Pune,DEV-036,0,Active,Medium,False,10113.2,1,Normal
TXN-10303,CUS-2009,ACC-1009,ACC-1008,2026-07-17 14:00:00,24688.25,RTGS,Lucknow,DEV-009,16,Active,Low,False,22648.86,1,Normal
TXN-10211,CUS-2028,ACC-1028,ACC-1025,2026-07-17 13:00:00,27141.77,RTGS,Delhi,DEV-028,8,Active,Medium,False,19034.01,2,Normal
TXN-10032,CUS-2038,ACC-1038,ACC-1036,2026-07-17 13:00:00,18747.61,Branch,Mumbai,DEV-038,11,Active,High,False,18864.73,0,Normal
TXN-10047,CUS-2007,ACC-1007,ACC-1029,2026-07-17 13:00:00,9429.72,ATM,Pune,DEV-007,15,Active,High,False,6891.53,0,Normal
TXN-10261,CUS-2017,ACC-1017,ACC-1008,2026-07-17 06:00:00,6674.16,UPI,Jaipur,DEV-017,7,Active,Low,False,4520.59,2,Normal
TXN-10190,CUS-2037,ACC-1037,ACC-1023,2026-07-17 01:00:00,22891.18,Internet Banking,Delhi,DEV-037,1,Active,Low,False,25860.93,2,Normal
TXN-10276,CUS-2007,ACC-1007,ACC-1001,2026-07-16 22:00:00,14490.56,Branch,Mumbai,DEV-007,7,Active,Low,False,20820.52,0,Normal
TXN-10009,CUS-2003,ACC-1003,ACC-1030,2026-07-16 16:00:00,24764.89,Branch,Delhi,DEV-003,10,Active,Medium,True,25290.15,0,Normal
TXN-10298,CUS-2017,ACC-1017,ACC-1013,2026-07-16 15:00:00,38259.4,Branch,Pune,DEV-017,2,Active,High,False,29120.72,0,Normal
TXN-10328,CUS-2003,ACC-1003,ACC-1012,2026-07-16 13:00:00,27974.17,Branch,Lucknow,DEV-003,10,Active,Medium,False,20055.57,2,Normal
TXN-10350,CUS-2033,ACC-1033,ACC-1021,2026-07-16 09:00:00,3991.89,ATM,Lucknow,DEV-033,1,Active,Low,False,5085.32,1,Normal
TXN-10062,CUS-2018,ACC-1018,ACC-1008,2026-07-16 05:00:00,58371.43,ATM,Delhi,DEV-018,15,Active,Medium,False,47519.32,0,Normal
TXN-10016,CUS-2028,ACC-1028,ACC-1012,2026-07-16 04:00:00,26138.63,Mobile Banking,Pune,DEV-028,15,Active,Low,False,26590.28,2,Normal
TXN-10247,CUS-2029,ACC-1029,ACC-1035,2026-07-16 04:00:00,8961.36,Branch,Lucknow,DEV-029,14,Active,Medium,False,6031.93,0,Normal
TXN-10166,CUS-2001,ACC-1001,ACC-1003,2026-07-16 03:00:00,19560.06,NEFT,Jaipur,DEV-001,4,Active,Low,False,25187.99,2,Normal
TXN-10150,CUS-2029,ACC-1029,ACC-1008,2026-07-16 03:00:00,34324.58,ATM,Chennai,DEV-029,17,Active,Medium,False,40559.86,1,Normal
TXN-10286,CUS-2007,ACC-1007,ACC-1027,2026-07-16 01:00:00,31234.16,Internet Banking,Pune,DEV-007,2,Active,Low,False,34157.52,1,Normal
TXN-10038,CUS-2023,ACC-1023,ACC-1006,2026-07-16 00:00:00,8185.14,UPI,Jaipur,DEV-023,0,Active,Low,False,9433.14,0,Normal
TXN-10277,CUS-2017,ACC-1017,ACC-1008,2026-07-15 19:00:00,33999.96,UPI,Lucknow,DEV-017,16,Active,Medium,True,44151.2,2,Normal
TXN-10094,CUS-2017,ACC-1017,ACC-1028,2026-07-15 19:00:00,36439.97,RTGS,Jaipur,DEV-017,5,Active,Medium,False,41492.05,1,Normal
TXN-10180,CUS-2032,ACC-1032,ACC-1039,2026-07-15 18:00:00,9390.25,Branch,Lucknow,DEV-032,17,Active,High,False,10770.99,1,Normal
TXN-10185,CUS-2030,ACC-1030,ACC-1030,2026-07-15 15:00:00,20268.86,NEFT,Kolkata,DEV-030,16,Active,Low,False,14080.56,1,Normal
TXN-10084,CUS-2016,ACC-1016,ACC-1011,2026-07-15 14:00:00,11524.38,ATM,Jaipur,DEV-016,17,Active,High,False,14949.62,1,Normal
TXN-10048,CUS-2024,ACC-1024,ACC-1029,2026-07-15 13:00:00,37277.97,RTGS,Chennai,DEV-024,2,Active,High,False,43042.25,2,Normal
TXN-10237,CUS-2009,ACC-1009,ACC-1033,2026-07-15 12:00:00,69225.58,UPI,Kolkata,DEV-009,15,Active,Medium,False,89714.4,0,Normal
TXN-10197,CUS-2008,ACC-1008,ACC-1028,2026-07-15 12:00:00,42594.05,RTGS,Lucknow,DEV-008,0,Active,Low,False,31940.37,2,Normal
TXN-10063,CUS-2000,ACC-1000,ACC-1010,2026-07-15 12:00:00,39284.34,RTGS,Chennai,DEV-000,11,Active,Medium,False,26948.98,0,Normal
TXN-10151,CUS-2002,ACC-1002,ACC-1012,2026-07-15 10:00:00,51797.48,Internet Banking,Pune,DEV-002,12,Active,Medium,False,72197.47,0,Normal
TXN-10333,CUS-2012,ACC-1012,ACC-1006,2026-07-15 09:00:00,50104.5,NEFT,Kolkata,DEV-012,5,Active,Low,False,69302.83,2,Normal
TXN-10243,CUS-2024,ACC-1024,ACC-1035,2026-07-15 08:00:00,26984.24,NEFT,Jaipur,DEV-024,6,Active,Medium,False,24451.02,2,Normal
TXN-10210,CUS-2011,ACC-1011,ACC-1039,2026-07-15 06:00:00,8972.61,Branch,Kolkata,DEV-011,7,Active,High,False,7570.84,0,Normal
TXN-10284,CUS-2030,ACC-1030,ACC-1030,2026-07-15 05:00:00,26282.72,Internet Banking,Delhi,DEV-030,15,Active,Medium,False,27056.25,1,Normal
TXN-10074,CUS-2009,ACC-1009,ACC-1024,2026-07-15 03:00:00,7466.62,Internet Banking,Pune,DEV-009,17,Active,Low,False,6826.86,2,Normal
TXN-10011,CUS-2017,ACC-1017,ACC-1026,2026-07-15 01:00:00,16193.71,NEFT,Kolkata,DEV-017,11,Active,Medium,False,12824.23,1,Normal
TXN-10341,CUS-2038,ACC-1038,ACC-1010,2026-07-15 00:00:00,13385.48,UPI,Lucknow,DEV-038,9,Active,Medium,False,17268.77,1,Normal
TXN-10343,CUS-2021,ACC-1021,ACC-1027,2026-07-14 21:00:00,10736.7,Internet Banking,Mumbai,DEV-021,9,Active,High,False,9139.04,1,Normal
TXN-10310,CUS-2026,ACC-1026,ACC-1038,2026-07-14 19:00:00,16777.8,RTGS,Jaipur,DEV-026,15,Active,Low,False,13329.65,0,Normal
TXN-10325,CUS-2012,ACC-1012,ACC-1008,2026-07-14 18:00:00,10387.52,RTGS,Jaipur,DEV-012,13,Active,Low,False,15334.68,0,Normal
TXN-10305,CUS-2030,ACC-1030,ACC-1012,2026-07-14 17:00:00,12341.72,UPI,Kolkata,DEV-030,17,Active,Medium,False,14906.27,2,Normal
TXN-10223,CUS-2023,ACC-1023,ACC-1019,2026-07-14 16:00:00,34352.93,Internet Banking,Pune,DEV-023,10,Active,Medium,False,25502.19,1,Normal
TXN-10046,CUS-2018,ACC-1018,ACC-1021,2026-07-14 15:00:00,77314.2,ATM,Mumbai,DEV-018,14,Active,Medium,False,69190.97,1,Normal
TXN-10214,CUS-2014,ACC-1014,ACC-1020,2026-07-14 15:00:00,8723.68,Branch,Pune,DEV-014,3,Active,Medium,False,7142.92,2,Normal
TXN-10107,CUS-2029,ACC-1029,ACC-1013,2026-07-14 10:00:00,38271.79,UPI,Pune,DEV-029,8,Active,High,False,26417.79,2,Normal
TXN-10274,CUS-2029,ACC-1029,ACC-1001,2026-07-14 10:00:00,61323.39,ATM,Lucknow,DEV-029,0,Active,Low,False,71677.44,1,Normal
TXN-10348,CUS-2033,ACC-1033,ACC-1022,2026-07-14 10:00:00,16023.71,Internet Banking,Chennai,DEV-033,10,Active,Medium,False,20224.86,1,Normal
TXN-10346,CUS-2035,ACC-1035,ACC-1028,2026-07-14 01:00:00,7305.17,Internet Banking,Kolkata,DEV-035,12,Active,Low,False,8873.54,2,Normal
TXN-10147,CUS-2016,ACC-1016,ACC-1013,2026-07-13 22:00:00,16343.4,Branch,Mumbai,DEV-016,2,Active,High,False,19729.59,0,Normal
TXN-10258,CUS-2030,ACC-1030,ACC-1009,2026-07-13 22:00:00,17607.64,Branch,Delhi,DEV-030,13,Active,High,False,20719.99,1,Normal
TXN-10155,CUS-2025,ACC-1025,ACC-1011,2026-07-13 21:00:00,23985.64,ATM,Lucknow,DEV-025,7,Active,Low,False,33135.78,0,Normal
TXN-10296,CUS-2022,ACC-1022,ACC-1008,2026-07-13 21:00:00,15787.28,Mobile Banking,Pune,DEV-022,12,Active,Low,False,14943.16,0,Normal
TXN-10131,CUS-2020,ACC-1020,ACC-1006,2026-07-13 16:00:00,22646.9,Mobile Banking,Delhi,DEV-020,15,Active,Low,False,20419.08,1,Normal
TXN-10059,CUS-2034,ACC-1034,ACC-1001,2026-07-13 15:00:00,13261.7,Mobile Banking,Chennai,DEV-034,13,Active,High,False,16017.86,0,Normal
TXN-10283,CUS-2025,ACC-1025,ACC-1039,2026-07-13 14:00:00,16758.03,UPI,Jaipur,DEV-025,12,Active,High,False,17663.13,1,Normal
TXN-10157,CUS-2024,ACC-1024,ACC-1004,2026-07-13 13:00:00,18674.41,RTGS,Lucknow,DEV-024,3,Active,High,False,21974.52,0,Normal
TXN-10116,CUS-2007,ACC-1007,ACC-1010,2026-07-13 11:00:00,12871.99,ATM,Delhi,DEV-007,5,Active,Low,False,8565.49,1,Normal
TXN-10323,CUS-2023,ACC-1023,ACC-1025,2026-07-13 11:00:00,12667.36,NEFT,Jaipur,DEV-023,15,Active,Medium,True,14222.43,2,Normal
TXN-10194,CUS-2038,ACC-1038,ACC-1020,2026-07-13 11:00:00,7016.32,UPI,Jaipur,DEV-038,3,Active,Medium,False,10210.3,1,Normal
TXN-10003,CUS-2028,ACC-1028,ACC-1014,2026-07-13 10:00:00,53115.8,RTGS,Jaipur,DEV-028,14,Active,Medium,False,36502.94,0,Normal
TXN-10091,CUS-2004,ACC-1004,ACC-1024,2026-07-13 09:00:00,16038.23,UPI,Kolkata,DEV-004,9,Active,Low,True,15896.32,2,Normal
TXN-10066,CUS-2021,ACC-1021,ACC-1027,2026-07-13 08:00:00,17349.67,RTGS,Mumbai,DEV-021,2,Active,Medium,False,18269.95,1,Normal
TXN-10020,CUS-2011,ACC-1011,ACC-1019,2026-07-13 07:00:00,179509.06,RTGS,Mumbai,DEV-011,10,Active,Medium,False,167272.58,1,Normal
TXN-10142,CUS-2015,ACC-1015,ACC-1018,2026-07-13 03:00:00,22582.27,Mobile Banking,Chennai,DEV-015,11,Active,Medium,False,20804.67,1,Normal
TXN-10000,CUS-2003,ACC-1003,ACC-1030,2026-07-13 02:00:00,10417.18,RTGS,Delhi,DEV-003,12,Active,Low,False,13510.75,0,Normal
TXN-10123,CUS-2020,ACC-1020,ACC-1003,2026-07-13 01:00:00,61561.34,NEFT,Pune,DEV-020,0,Active,Low,False,77654.44,2,Normal
TXN-10055,CUS-2000,ACC-1000,ACC-1028,2026-07-12 20:00:00,40380.83,UPI,Mumbai,DEV-000,15,Active,High,False,46438.73,1,Normal
TXN-10268,CUS-2027,ACC-1027,ACC-1029,2026-07-12 20:00:00,11516.1,Internet Banking,Pune,DEV-027,2,Active,Medium,False,11853.99,0,Normal
TXN-10218,CUS-2033,ACC-1033,ACC-1028,2026-07-12 19:00:00,17075.46,Branch,Mumbai,DEV-033,14,Active,Medium,False,17604.87,2,Normal
TXN-10076,CUS-2018,ACC-1018,ACC-1006,2026-07-12 16:00:00,13418.26,NEFT,Kolkata,DEV-018,17,Active,High,False,20017.01,1,Normal
TXN-10302,CUS-2010,ACC-1010,ACC-1007,2026-07-12 16:00:00,21486.46,Internet Banking,Kolkata,DEV-010,6,Active,Low,False,14426.53,0,Normal
TXN-10195,CUS-2007,ACC-1007,ACC-1016,2026-07-12 14:00:00,29632.28,RTGS,Mumbai,DEV-007,1,Active,Medium,False,35235.72,1,Normal
TXN-10064,CUS-2008,ACC-1008,ACC-1035,2026-07-12 12:00:00,5894.34,Mobile Banking,Lucknow,DEV-008,1,Active,Medium,False,6128.8,0,Normal
TXN-10167,CUS-2028,ACC-1028,ACC-1018,2026-07-12 12:00:00,4145.92,Mobile Banking,Jaipur,DEV-028,3,Active,Medium,False,2997.85,2,Normal
TXN-10252,CUS-2003,ACC-1003,ACC-1030,2026-07-12 11:00:00,22629.66,RTGS,Lucknow,DEV-003,11,Active,Medium,False,23314.97,1,Normal
TXN-10115,CUS-2022,ACC-1022,ACC-1039,2026-07-11 21:00:00,41933.22,UPI,Jaipur,DEV-022,16,Active,Low,False,49419.27,2,Normal
TXN-10133,CUS-2009,ACC-1009,ACC-1035,2026-07-11 19:00:00,8782.78,Mobile Banking,Mumbai,DEV-009,15,Active,Medium,False,9067.17,0,Normal
TXN-10204,CUS-2011,ACC-1011,ACC-1039,2026-07-11 18:00:00,33993.0,Branch,Jaipur,DEV-011,16,Active,High,False,23514.65,2,Normal
TXN-10183,CUS-2010,ACC-1010,ACC-1018,2026-07-11 18:00:00,65649.86,Branch,Lucknow,DEV-010,11,Active,Low,False,61965.01,1,Normal
TXN-10347,CUS-2016,ACC-1016,ACC-1017,2026-07-11 16:00:00,21324.32,RTGS,Pune,DEV-016,2,Active,Low,False,22586.06,0,Normal
TXN-10137,CUS-2033,ACC-1033,ACC-1038,2026-07-11 11:00:00,27527.11,Branch,Kolkata,DEV-033,3,Active,Low,True,20675.89,0,Normal
TXN-10291,CUS-2039,ACC-1039,ACC-1039,2026-07-11 07:00:00,15908.28,Branch,Kolkata,DEV-039,9,Active,Medium,False,23695.4,0,Normal
TXN-10014,CUS-2013,ACC-1013,ACC-1004,2026-07-11 07:00:00,10742.71,RTGS,Pune,DEV-013,12,Active,Medium,False,14093.77,0,Normal
TXN-10196,CUS-2014,ACC-1014,ACC-1017,2026-07-11 05:00:00,29971.84,UPI,Mumbai,DEV-014,9,Active,Low,False,20510.91,2,Normal
TXN-10173,CUS-2025,ACC-1025,ACC-1027,2026-07-11 04:00:00,34740.37,UPI,Delhi,DEV-025,3,Active,Medium,False,27659.11,2,Normal
TXN-10120,CUS-2006,ACC-1006,ACC-1027,2026-07-11 02:00:00,26814.74,RTGS,Mumbai,DEV-006,3,Active,Medium,False,38229.65,0,Normal
TXN-10119,CUS-2037,ACC-1037,ACC-1000,2026-07-11 01:00:00,14529.21,Branch,Lucknow,DEV-037,7,Active,High,False,14322.26,0,Normal
TXN-10242,CUS-2006,ACC-1006,ACC-1039,2026-07-11 00:00:00,9975.65,ATM,Jaipur,DEV-006,8,Active,Low,False,9980.82,2,Normal
TXN-10096,CUS-2004,ACC-1004,ACC-1014,2026-07-10 21:00:00,9949.79,Mobile Banking,Pune,DEV-004,0,Active,Low,False,9370.7,1,Normal
TXN-10321,CUS-2004,ACC-1004,ACC-1036,2026-07-10 21:00:00,30185.35,UPI,Jaipur,DEV-004,7,Active,High,False,31381.29,2,Normal
TXN-10340,CUS-2004,ACC-1004,ACC-1002,2026-07-10 16:00:00,63908.83,NEFT,Chennai,DEV-004,6,Active,Medium,False,95387.62,0,Normal
TXN-10070,CUS-2024,ACC-1024,ACC-1012,2026-07-10 15:00:00,17252.87,Branch,Mumbai,DEV-024,7,Active,Medium,False,18733.66,1,Normal
TXN-10265,CUS-2000,ACC-1000,ACC-1039,2026-07-10 14:00:00,31209.17,ATM,Chennai,DEV-000,15,Active,Medium,False,34307.01,2,Normal
TXN-10219,CUS-2017,ACC-1017,ACC-1032,2026-07-10 13:00:00,14048.71,Internet Banking,Mumbai,DEV-017,3,Active,Low,False,12008.67,1,Normal
TXN-10272,CUS-2021,ACC-1021,ACC-1007,2026-07-10 12:00:00,35901.6,Branch,Jaipur,DEV-021,2,Active,High,False,45454.82,0,Normal
TXN-10187,CUS-2036,ACC-1036,ACC-1022,2026-07-10 11:00:00,18826.47,NEFT,Mumbai,DEV-036,15,Active,Low,False,12324.79,1,Normal
TXN-10260,CUS-2026,ACC-1026,ACC-1019,2026-07-10 10:00:00,10850.22,Branch,Pune,DEV-026,8,Active,High,False,8720.88,2,Normal
TXN-10352,CUS-2014,ACC-1014,ACC-1020,2026-07-10 07:00:00,67233.12,UPI,Chennai,DEV-014,2,Active,Low,False,97657.59,0,Normal
TXN-10216,CUS-2011,ACC-1011,ACC-1007,2026-07-10 06:00:00,30454.36,Branch,Mumbai,DEV-011,15,Active,Medium,False,24330.09,2,Normal
TXN-10288,CUS-2018,ACC-1018,ACC-1009,2026-07-10 03:00:00,31314.65,Internet Banking,Chennai,DEV-018,14,Active,Low,False,36152.4,1,Normal
TXN-10042,CUS-2032,ACC-1032,ACC-1036,2026-07-10 01:00:00,9901.98,NEFT,Jaipur,DEV-032,14,Active,Medium,False,7568.77,1,Normal
TXN-10037,CUS-2014,ACC-1014,ACC-1005,2026-07-10 00:00:00,76470.65,Internet Banking,Kolkata,DEV-014,2,Active,High,False,68212.74,2,Normal
TXN-10311,CUS-2009,ACC-1009,ACC-1032,2026-07-09 22:00:00,54533.08,Mobile Banking,Mumbai,DEV-009,16,Active,High,False,68868.97,0,Normal
TXN-10053,CUS-2031,ACC-1031,ACC-1014,2026-07-09 20:00:00,19806.78,Mobile Banking,Kolkata,DEV-031,2,Active,Low,False,19327.88,2,Normal
TXN-10316,CUS-2027,ACC-1027,ACC-1018,2026-07-09 17:00:00,17751.93,Mobile Banking,Pune,DEV-027,16,Active,High,False,12552.08,0,Normal
TXN-10098,CUS-2022,ACC-1022,ACC-1013,2026-07-09 15:00:00,31166.16,Branch,Kolkata,DEV-022,13,Active,Low,False,28189.04,1,Normal
TXN-10184,CUS-2002,ACC-1002,ACC-1015,2026-07-09 15:00:00,77075.95,Mobile Banking,Pune,DEV-002,13,Active,High,False,86962.6,1,Normal
TXN-10143,CUS-2016,ACC-1016,ACC-1029,2026-07-09 13:00:00,48794.31,ATM,Jaipur,DEV-016,10,Active,Low,False,45930.41,1,Normal
TXN-10334,CUS-2028,ACC-1028,ACC-1033,2026-07-09 12:00:00,15285.68,UPI,Kolkata,DEV-028,1,Active,Medium,False,17059.31,2,Normal
TXN-10201,CUS-2025,ACC-1025,ACC-1005,2026-07-09 12:00:00,28637.29,Branch,Lucknow,DEV-025,9,Active,High,False,35771.19,2,Normal
TXN-10113,CUS-2026,ACC-1026,ACC-1029,2026-07-09 12:00:00,73932.51,NEFT,Chennai,DEV-026,5,Active,Low,False,55975.96,2,Normal
TXN-10161,CUS-2004,ACC-1004,ACC-1039,2026-07-09 10:00:00,53863.65,Branch,Mumbai,DEV-004,7,Active,Low,False,51188.63,0,Normal
TXN-10019,CUS-2017,ACC-1017,ACC-1013,2026-07-09 08:00:00,34797.77,UPI,Mumbai,DEV-017,17,Active,Medium,False,25065.55,1,Normal
TXN-10141,CUS-2008,ACC-1008,ACC-1036,2026-07-09 03:00:00,10703.35,ATM,Chennai,DEV-008,0,Active,Medium,False,7521.82,2,Normal
TXN-10085,CUS-2026,ACC-1026,ACC-1036,2026-07-09 02:00:00,3884.91,RTGS,Jaipur,DEV-026,14,Active,Medium,False,4943.75,2,Normal
TXN-10021,CUS-2021,ACC-1021,ACC-1020,2026-07-09 01:00:00,14175.78,UPI,Lucknow,DEV-021,14,Active,Low,False,15890.07,2,Normal
TXN-10028,CUS-2014,ACC-1014,ACC-1023,2026-07-08 23:00:00,9926.14,Internet Banking,Kolkata,DEV-014,13,Active,Low,False,7666.09,2,Normal
TXN-10029,CUS-2037,ACC-1037,ACC-1000,2026-07-08 22:00:00,60681.06,UPI,Delhi,DEV-037,12,Active,High,False,75251.99,0,Normal
TXN-10163,CUS-2006,ACC-1006,ACC-1019,2026-07-08 14:00:00,18525.16,Mobile Banking,Pune,DEV-006,15,Active,High,False,20447.41,0,Normal
TXN-10337,CUS-2002,ACC-1002,ACC-1014,2026-07-08 13:00:00,18129.83,Branch,Lucknow,DEV-002,5,Active,Medium,False,17409.9,0,Normal
TXN-10313,CUS-2015,ACC-1015,ACC-1004,2026-07-08 10:00:00,10153.64,RTGS,Mumbai,DEV-015,3,Active,Low,False,12797.18,0,Normal
TXN-10092,CUS-2027,ACC-1027,ACC-1035,2026-07-08 06:00:00,58753.31,Mobile Banking,Lucknow,DEV-027,15,Active,Medium,False,53118.99,1,Normal
TXN-10170,CUS-2018,ACC-1018,ACC-1026,2026-07-08 04:00:00,18337.11,NEFT,Delhi,DEV-018,10,Active,Medium,False,22993.87,1,Normal
TXN-10034,CUS-2026,ACC-1026,ACC-1004,2026-07-08 03:00:00,13030.65,NEFT,Pune,DEV-026,4,Active,Low,False,18081.05,1,Normal
TXN-10290,CUS-2012,ACC-1012,ACC-1000,2026-07-08 01:00:00,44131.22,NEFT,Kolkata,DEV-012,5,Active,Medium,False,63539.61,2,Normal
TXN-10128,CUS-2000,ACC-1000,ACC-1019,2026-07-08 00:00:00,37104.13,ATM,Jaipur,DEV-000,8,Active,High,False,33414.41,0,Normal
TXN-10078,CUS-2036,ACC-1036,ACC-1006,2026-07-07 23:00:00,11185.71,RTGS,Kolkata,DEV-036,0,Active,Medium,False,11931.43,0,Normal
TXN-10088,CUS-2034,ACC-1034,ACC-1018,2026-07-07 22:00:00,6136.61,Internet Banking,Delhi,DEV-034,14,Active,Medium,False,8172.43,0,Normal
TXN-10089,CUS-2010,ACC-1010,ACC-1036,2026-07-07 19:00:00,38150.99,UPI,Delhi,DEV-010,6,Active,High,False,46697.19,0,Normal
TXN-10045,CUS-2017,ACC-1017,ACC-1015,2026-07-07 18:00:00,10320.76,Internet Banking,Chennai,DEV-017,17,Active,Medium,False,9589.09,2,Normal
TXN-10023,CUS-2024,ACC-1024,ACC-1036,2026-07-07 18:00:00,9384.74,UPI,Delhi,DEV-024,9,Active,Medium,False,12547.53,1,Normal
TXN-10244,CUS-2009,ACC-1009,ACC-1030,2026-07-07 18:00:00,6885.43,ATM,Lucknow,DEV-009,11,Active,High,True,5764.03,2,Normal
TXN-10154,CUS-2000,ACC-1000,ACC-1029,2026-07-07 16:00:00,19016.66,NEFT,Delhi,DEV-000,8,Active,Medium,False,22783.79,1,Normal
TXN-10278,CUS-2028,ACC-1028,ACC-1038,2026-07-07 16:00:00,30137.63,RTGS,Mumbai,DEV-028,9,Active,Medium,False,35313.89,0,Normal
TXN-10109,CUS-2019,ACC-1019,ACC-1009,2026-07-07 14:00:00,51800.86,ATM,Jaipur,DEV-019,15,Active,Medium,False,60930.83,0,Normal
TXN-10106,CUS-2018,ACC-1018,ACC-1033,2026-07-07 13:00:00,20552.77,Internet Banking,Jaipur,DEV-018,4,Active,High,False,17346.85,1,Normal
TXN-10040,CUS-2019,ACC-1019,ACC-1007,2026-07-07 13:00:00,167065.36,Mobile Banking,Jaipur,DEV-019,10,Active,High,False,161647.77,1,Normal
TXN-10164,CUS-2011,ACC-1011,ACC-1002,2026-07-07 12:00:00,30461.79,UPI,Delhi,DEV-011,7,Active,High,True,36688.76,2,Normal
TXN-10299,CUS-2011,ACC-1011,ACC-1032,2026-07-07 12:00:00,15446.55,ATM,Mumbai,DEV-011,12,Active,Medium,False,14524.51,2,Normal
TXN-10227,CUS-2026,ACC-1026,ACC-1007,2026-07-07 11:00:00,38388.14,NEFT,Kolkata,DEV-026,4,Active,High,False,47065.87,2,Normal
TXN-10215,CUS-2014,ACC-1014,ACC-1025,2026-07-07 10:00:00,4326.44,RTGS,Chennai,DEV-014,4,Active,Medium,False,3380.08,0,Normal
TXN-10130,CUS-2016,ACC-1016,ACC-1005,2026-07-07 09:00:00,53979.63,Branch,Lucknow,DEV-016,1,Active,High,False,59971.9,2,Normal
TXN-10275,CUS-2025,ACC-1025,ACC-1031,2026-07-07 09:00:00,7157.63,ATM,Delhi,DEV-025,1,Active,High,False,6146.48,1,Normal
TXN-10181,CUS-2018,ACC-1018,ACC-1005,2026-07-07 05:00:00,33215.99,Mobile Banking,Kolkata,DEV-018,1,Active,Medium,False,31717.01,2,Normal
TXN-10326,CUS-2006,ACC-1006,ACC-1028,2026-07-07 04:00:00,8075.22,Internet Banking,Jaipur,DEV-006,5,Active,Medium,False,5545.25,0,Normal
TXN-10189,CUS-2017,ACC-1017,ACC-1030,2026-07-07 04:00:00,4755.12,Branch,Mumbai,DEV-017,17,Active,Low,False,3849.12,2,Normal
TXN-10338,CUS-2001,ACC-1001,ACC-1005,2026-07-07 02:00:00,4455.87,ATM,Jaipur,DEV-001,2,Active,Medium,False,3795.98,2,Normal
TXN-10052,CUS-2029,ACC-1029,ACC-1016,2026-07-07 00:00:00,14602.1,ATM,Chennai,DEV-029,6,Active,Medium,False,12849.19,2,Normal
TXN-10342,CUS-2018,ACC-1018,ACC-1035,2026-07-06 21:00:00,9383.12,Mobile Banking,Pune,DEV-018,10,Active,Medium,False,13531.89,0,Normal
TXN-10178,CUS-2018,ACC-1018,ACC-1024,2026-07-06 18:00:00,9314.63,NEFT,Kolkata,DEV-018,13,Active,Low,False,13945.64,2,Normal
TXN-10203,CUS-2022,ACC-1022,ACC-1031,2026-07-06 14:00:00,11391.32,RTGS,Chennai,DEV-022,11,Active,Low,False,9397.23,0,Normal
TXN-10234,CUS-2016,ACC-1016,ACC-1018,2026-07-06 13:00:00,31755.36,NEFT,Mumbai,DEV-016,16,Active,Medium,False,28040.44,2,Normal
TXN-10285,CUS-2032,ACC-1032,ACC-1038,2026-07-06 12:00:00,17922.58,UPI,Lucknow,DEV-032,15,Active,Medium,False,13975.78,1,Normal
TXN-10354,CUS-2032,ACC-1032,ACC-1032,2026-07-06 10:00:00,10852.67,Internet Banking,Mumbai,DEV-032,0,Active,High,False,11870.87,2,Normal
TXN-10220,CUS-2036,ACC-1036,ACC-1030,2026-07-06 08:00:00,92800.77,Mobile Banking,Lucknow,DEV-036,2,Active,Low,False,89448.98,1,Normal
TXN-10169,CUS-2007,ACC-1007,ACC-1017,2026-07-06 08:00:00,23852.43,RTGS,Kolkata,DEV-007,17,Active,High,False,19980.66,2,Normal
TXN-10176,CUS-2003,ACC-1003,ACC-1005,2026-07-06 06:00:00,13788.56,Internet Banking,Lucknow,DEV-003,6,Active,Low,False,12066.17,0,Normal
TXN-10312,CUS-2010,ACC-1010,ACC-1002,2026-07-06 06:00:00,11173.17,NEFT,Delhi,DEV-010,1,Active,Medium,False,13558.48,1,Normal
TXN-10033,CUS-2000,ACC-1000,ACC-1038,2026-07-06 06:00:00,85078.37,RTGS,Chennai,DEV-000,14,Active,Medium,False,56590.84,1,Normal
TXN-10099,CUS-2034,ACC-1034,ACC-1009,2026-07-06 04:00:00,40206.41,Mobile Banking,Lucknow,DEV-034,15,Active,Low,False,53200.25,0,Normal
TXN-10152,CUS-2038,ACC-1038,ACC-1024,2026-07-06 03:00:00,14741.25,RTGS,Chennai,DEV-038,15,Active,Low,False,15719.34,0,Normal
TXN-10208,CUS-2024,ACC-1024,ACC-1012,2026-07-06 02:00:00,25098.07,ATM,Mumbai,DEV-024,7,Active,High,False,19916.37,0,Normal
TXN-10199,CUS-2031,ACC-1031,ACC-1017,2026-07-06 00:00:00,42605.74,RTGS,Lucknow,DEV-031,5,Active,Medium,False,62618.39,0,Normal
TXN-10101,CUS-2010,ACC-1010,ACC-1031,2026-07-06 00:00:00,15600.3,Branch,Lucknow,DEV-010,1,Active,Medium,False,16939.16,1,Normal
TXN-10013,CUS-2019,ACC-1019,ACC-1027,2026-07-05 21:00:00,35563.58,Internet Banking,Mumbai,DEV-019,5,Active,Medium,False,25765.9,1,Normal
TXN-10044,CUS-2002,ACC-1002,ACC-1005,2026-07-05 20:00:00,6217.73,Internet Banking,Jaipur,DEV-002,4,Active,Low,False,5772.36,1,Normal
TXN-10239,CUS-2039,ACC-1039,ACC-1029,2026-07-05 17:00:00,31640.56,NEFT,Jaipur,DEV-039,5,Active,Medium,False,34090.92,0,Normal
TXN-10238,CUS-2024,ACC-1024,ACC-1005,2026-07-05 16:00:00,27005.87,RTGS,Delhi,DEV-024,13,Active,High,False,29661.6,1,Normal
TXN-10172,CUS-2004,ACC-1004,ACC-1033,2026-07-05 15:00:00,12725.69,Internet Banking,Chennai,DEV-004,4,Active,Low,False,14373.43,1,Normal
TXN-10060,CUS-2036,ACC-1036,ACC-1001,2026-07-05 14:00:00,20239.06,UPI,Chennai,DEV-036,10,Active,High,False,27767.94,2,Normal
TXN-10231,CUS-2005,ACC-1005,ACC-1015,2026-07-05 14:00:00,6856.43,Internet Banking,Mumbai,DEV-005,3,Active,Low,False,7250.71,0,Normal
TXN-10256,CUS-2011,ACC-1011,ACC-1024,2026-07-05 13:00:00,112724.7,ATM,Kolkata,DEV-011,2,Active,Low,False,138673.91,2,Normal
TXN-10263,CUS-2012,ACC-1012,ACC-1016,2026-07-05 12:00:00,23540.91,Mobile Banking,Mumbai,DEV-012,16,Active,High,False,32304.5,1,Normal
TXN-10146,CUS-2015,ACC-1015,ACC-1016,2026-07-05 10:00:00,28394.72,NEFT,Jaipur,DEV-015,9,Active,Medium,False,34073.98,2,Normal
TXN-10205,CUS-2014,ACC-1014,ACC-1006,2026-07-05 09:00:00,15459.95,Mobile Banking,Mumbai,DEV-014,10,Active,Low,False,18275.07,2,Normal
TXN-10051,CUS-2020,ACC-1020,ACC-1019,2026-07-05 03:00:00,4986.39,RTGS,Chennai,DEV-020,2,Active,Medium,False,6029.47,0,Normal
TXN-10134,CUS-2007,ACC-1007,ACC-1009,2026-07-05 00:00:00,44843.4,NEFT,Jaipur,DEV-007,15,Active,Medium,False,38616.69,1,Normal
TXN-10331,CUS-2013,ACC-1013,ACC-1008,2026-07-04 23:00:00,85652.71,ATM,Lucknow,DEV-013,8,Active,High,False,115866.54,1,Normal
TXN-10071,CUS-2032,ACC-1032,ACC-1029,2026-07-04 20:00:00,23526.78,RTGS,Chennai,DEV-032,9,Active,Medium,False,21580.72,1,Normal
TXN-10200,CUS-2007,ACC-1007,ACC-1003,2026-07-04 19:00:00,54006.36,ATM,Pune,DEV-007,14,Active,Low,False,78410.49,2,Normal
TXN-10022,CUS-2012,ACC-1012,ACC-1004,2026-07-04 14:00:00,15519.59,Mobile Banking,Mumbai,DEV-012,11,Active,Medium,False,11509.01,2,Normal
TXN-10035,CUS-2030,ACC-1030,ACC-1024,2026-07-04 14:00:00,15045.04,Internet Banking,Kolkata,DEV-030,7,Active,Low,False,15583.84,1,Normal
TXN-10093,CUS-2028,ACC-1028,ACC-1023,2026-07-04 11:00:00,17614.04,Mobile Banking,Pune,DEV-028,15,Active,High,False,16568.43,0,Normal
TXN-10339,CUS-2017,ACC-1017,ACC-1006,2026-07-04 10:00:00,21499.94,UPI,Lucknow,DEV-017,13,Active,Low,False,27645.92,2,Normal
TXN-10132,CUS-2033,ACC-1033,ACC-1014,2026-07-04 09:00:00,29160.72,NEFT,Delhi,DEV-033,13,Active,Low,False,21945.11,0,Normal
TXN-10105,CUS-2016,ACC-1016,ACC-1034,2026-07-04 09:00:00,21835.65,Branch,Mumbai,DEV-016,8,Active,Low,False,28680.99,0,Normal
TXN-10248,CUS-2013,ACC-1013,ACC-1038,2026-07-04 07:00:00,15440.53,ATM,Lucknow,DEV-013,13,Active,High,False,15936.21,1,Normal
TXN-10262,CUS-2008,ACC-1008,ACC-1022,2026-07-04 05:00:00,19799.02,RTGS,Kolkata,DEV-008,3,Active,Medium,False,23666.31,1,Normal
TXN-10345,CUS-2006,ACC-1006,ACC-1036,2026-07-04 05:00:00,3803.74,UPI,Delhi,DEV-006,12,Active,High,False,5150.14,1,Normal
TXN-10186,CUS-2026,ACC-1026,ACC-1037,2026-07-04 04:00:00,16815.22,RTGS,Kolkata,DEV-026,10,Active,High,True,20655.08,0,Normal
TXN-10292,CUS-2007,ACC-1007,ACC-1000,2026-07-04 03:00:00,9898.41,NEFT,Pune,DEV-007,5,Active,Low,False,10429.42,1,Normal
TXN-10317,CUS-2023,ACC-1023,ACC-1001,2026-07-04 03:00:00,16833.83,Internet Banking,Jaipur,DEV-023,11,Active,Medium,False,21652.29,0,Normal
TXN-10336,CUS-2037,ACC-1037,ACC-1002,2026-07-04 00:00:00,59013.7,RTGS,Delhi,DEV-037,11,Active,High,False,59355.31,2,Normal
TXN-10056,CUS-2001,ACC-1001,ACC-1027,2026-07-03 23:00:00,23805.55,Branch,Chennai,DEV-001,14,Active,Medium,False,24423.71,0,Normal
TXN-10332,CUS-2012,ACC-1012,ACC-1005,2026-07-03 23:00:00,30643.09,ATM,Mumbai,DEV-012,15,Active,High,False,21718.87,1,Normal
TXN-10069,CUS-2019,ACC-1019,ACC-1018,2026-07-03 22:00:00,48840.5,ATM,Lucknow,DEV-019,10,Active,Medium,False,58831.71,2,Normal
TXN-10017,CUS-2012,ACC-1012,ACC-1025,2026-07-03 22:00:00,69792.43,ATM,Jaipur,DEV-012,1,Active,Medium,False,74670.37,1,Normal
TXN-10041,CUS-2037,ACC-1037,ACC-1020,2026-07-03 21:00:00,9887.87,NEFT,Delhi,DEV-037,0,Active,Medium,False,13517.1,2,Normal
TXN-10002,CUS-2021,ACC-1021,ACC-1017,2026-07-03 20:00:00,11864.54,Branch,Kolkata,DEV-021,1,Active,High,False,15357.16,2,Normal
TXN-10108,CUS-2012,ACC-1012,ACC-1005,2026-07-03 19:00:00,26910.28,UPI,Kolkata,DEV-012,3,Active,High,False,31676.81,0,Normal
TXN-10233,CUS-2002,ACC-1002,ACC-1009,2026-07-03 17:00:00,10212.14,NEFT,Kolkata,DEV-002,1,Active,Medium,False,8247.01,1,Normal
TXN-10253,CUS-2028,ACC-1028,ACC-1013,2026-07-03 05:00:00,8223.9,Mobile Banking,Lucknow,DEV-028,14,Active,Medium,False,7067.61,0,Normal
TXN-10224,CUS-2028,ACC-1028,ACC-1009,2026-07-03 05:00:00,37776.42,NEFT,Chennai,DEV-028,17,Active,Medium,False,34648.38,2,Normal
TXN-10125,CUS-2023,ACC-1023,ACC-1037,2026-07-03 04:00:00,15481.17,Mobile Banking,Lucknow,DEV-023,6,Active,Low,False,12205.99,1,Normal
TXN-10179,CUS-2017,ACC-1017,ACC-1001,2026-07-03 01:00:00,32120.34,Internet Banking,Pune,DEV-017,17,Active,Low,False,25528.92,1,Normal
TXN-10114,CUS-2031,ACC-1031,ACC-1005,2026-07-03 00:00:00,10023.63,Mobile Banking,Chennai,DEV-031,9,Active,Low,True,6656.62,2,Normal
TXN-10251,CUS-2007,ACC-1007,ACC-1004,2026-07-03 00:00:00,13668.58,RTGS,Delhi,DEV-007,1,Active,Low,False,15625.98,0,Normal
TXN-10221,CUS-2036,ACC-1036,ACC-1009,2026-07-02 23:00:00,25627.2,RTGS,Lucknow,DEV-036,8,Active,Medium,False,38415.31,1,Normal
TXN-10140,CUS-2022,ACC-1022,ACC-1002,2026-07-02 22:00:00,59088.38,NEFT,Jaipur,DEV-022,11,Active,Low,False,49052.89,2,Normal
TXN-10257,CUS-2024,ACC-1024,ACC-1002,2026-07-02 18:00:00,10328.28,Internet Banking,Pune,DEV-024,1,Active,High,False,13235.39,0,Normal
TXN-10168,CUS-2013,ACC-1013,ACC-1007,2026-07-02 13:00:00,45876.65,NEFT,Delhi,DEV-013,7,Active,Medium,False,55304.7,2,Normal
TXN-10156,CUS-2022,ACC-1022,ACC-1006,2026-07-02 10:00:00,21091.36,Internet Banking,Pune,DEV-022,14,Active,Low,False,27591.41,2,Normal
TXN-10008,CUS-2022,ACC-1022,ACC-1018,2026-07-02 09:00:00,13905.06,UPI,Mumbai,DEV-022,2,Active,Medium,False,15718.98,2,Normal
TXN-10135,CUS-2013,ACC-1013,ACC-1009,2026-07-02 08:00:00,17520.16,RTGS,Delhi,DEV-013,15,Active,Low,False,18694.3,2,Normal
TXN-10322,CUS-2000,ACC-1000,ACC-1003,2026-07-02 04:00:00,11803.84,UPI,Jaipur,DEV-000,13,Active,Low,False,16395.04,1,Normal
TXN-10165,CUS-2029,ACC-1029,ACC-1032,2026-07-02 02:00:00,20519.25,Mobile Banking,Delhi,DEV-029,15,Active,Low,False,27625.48,2,Normal
TXN-10175,CUS-2018,ACC-1018,ACC-1007,2026-07-02 02:00:00,11303.82,Mobile Banking,Kolkata,DEV-018,1,Active,Medium,False,9039.86,0,Normal
TXN-10235,CUS-2004,ACC-1004,ACC-1010,2026-07-02 00:00:00,23308.91,RTGS,Pune,DEV-004,7,Active,High,False,23059.88,0,Normal
TXN-10126,CUS-2012,ACC-1012,ACC-1027,2026-07-02 00:00:00,5460.98,RTGS,Chennai,DEV-012,4,Active,Low,False,7639.26,0,Normal
TXN-10082,CUS-2015,ACC-1015,ACC-1013,2026-07-01 23:00:00,11615.15,Internet Banking,Kolkata,DEV-015,16,Active,Medium,False,10895.33,1,Normal
TXN-10026,CUS-2004,ACC-1004,ACC-1020,2026-07-01 23:00:00,56405.46,NEFT,Lucknow,DEV-004,11,Active,Medium,False,72468.11,1,Normal
TXN-10249,CUS-2002,ACC-1002,ACC-1025,2026-07-01 20:00:00,46071.21,RTGS,Chennai,DEV-002,14,Active,Low,False,35468.99,1,Normal
TXN-10079,CUS-2039,ACC-1039,ACC-1023,2026-07-01 18:00:00,3928.97,UPI,Mumbai,DEV-039,4,Active,High,False,4721.74,2,Normal
TXN-10270,CUS-2035,ACC-1035,ACC-1011,2026-07-01 15:00:00,35736.3,UPI,Kolkata,DEV-035,10,Active,High,False,27948.92,0,Normal
TXN-10090,CUS-2030,ACC-1030,ACC-1028,2026-07-01 14:00:00,30374.29,RTGS,Chennai,DEV-030,13,Active,Low,False,25798.55,2,Normal
TXN-10050,CUS-2006,ACC-1006,ACC-1006,2026-07-01 14:00:00,50605.96,ATM,Pune,DEV-006,8,Active,Medium,False,67273.44,1,Normal
TXN-10087,CUS-2038,ACC-1038,ACC-1029,2026-07-01 12:00:00,16232.69,UPI,Lucknow,DEV-038,0,Active,Medium,False,24149.51,2,Normal
TXN-10160,CUS-2011,ACC-1011,ACC-1027,2026-07-01 09:00:00,25080.9,RTGS,Delhi,DEV-011,17,Active,Low,False,31819.31,1,Normal